{
    "parent": "block/cube",
	"textures": {
        "layer0": "block/crownicon",
		"3": "block/crown",
		"particle": "block/crown"
	},
	"elements": [
		{
			"name": "N",
			"from": [0, 10, 0],
			"to": [16, 14, 2],
			"rotation": {"angle": 0, "axis": "y", "origin": [8, 0, 8]},
			"faces": {
				"north": {"uv": [4, 1, 12, 3], "texture": "#3"},
				"east": {"uv": [11, 5, 12, 7], "texture": "#3"},
				"south": {"uv": [4, 2, 12, 3], "texture": "#3"},
				"west": {"uv": [4, 10, 5, 12], "texture": "#3"},
				"up": {"uv": [12, 3, 4, 2], "texture": "#3"},
				"down": {"uv": [12, 2, 4, 3], "texture": "#3"}
			}
		},
		{
			"name": "S",
			"from": [0, 10, 14],
			"to": [16, 14, 16],
			"rotation": {"angle": 0, "axis": "y", "origin": [8, 0, 8]},
			"faces": {
				"north": {"uv": [4, 15, 12, 16], "texture": "#3"},
				"east": {"uv": [4, 5, 5, 7], "texture": "#3"},
				"south": {"uv": [4, 14, 12, 16], "texture": "#3"},
				"west": {"uv": [11, 10, 12, 12], "texture": "#3"},
				"up": {"uv": [12, 16, 4, 15], "texture": "#3"},
				"down": {"uv": [12, 15, 4, 16], "texture": "#3"}
			}
		},
		{
			"name": "W",
			"from": [0, 10, 2],
			"to": [2, 14, 14],
			"faces": {
				"north": {"uv": [4, 10, 5, 12], "texture": "#3"},
				"east": {"uv": [5, 11, 11, 12], "texture": "#3"},
				"south": {"uv": [12, 10, 11, 12], "texture": "#3"},
				"west": {"uv": [5, 10, 11, 12], "texture": "#3"},
				"up": {"uv": [5, 11, 11, 12], "texture": "#3"},
				"down": {"uv": [5, 11, 11, 12], "texture": "#3"}
			}
		},
		{
			"name": "E",
			"from": [14, 10, 2],
			"to": [16, 14, 14],
			"faces": {
				"north": {"uv": [4, 6, 12, 7], "texture": "#3"},
				"east": {"uv": [5, 5, 11, 7], "texture": "#3"},
				"south": {"uv": [11, 5, 12, 7], "texture": "#3"},
				"west": {"uv": [4, 6, 12, 7], "texture": "#3"},
				"up": {"uv": [4, 6, 12, 7], "texture": "#3"},
				"down": {"uv": [4, 6, 12, 7], "texture": "#3"}
			}
		},
		{
			"name": "N-3",
			"from": [14, 14, 0],
			"to": [16, 16, 2],
			"faces": {
				"north": {"uv": [4, 0, 5, 1], "texture": "#3"},
				"east": {"uv": [4, 0, 5, 1], "texture": "#3"},
				"south": {"uv": [4, 0, 5, 1], "texture": "#3"},
				"west": {"uv": [4, 0, 5, 1], "texture": "#3"},
				"up": {"uv": [4, 0, 5, 1], "texture": "#3"},
				"down": {"uv": [4, 0, 5, 1], "texture": "#3"}
			}
		},
		{
			"name": "N-2",
			"from": [10, 14, 0],
			"to": [12, 16, 2],
			"faces": {
				"north": {"uv": [6, 0, 7, 1], "texture": "#3"},
				"east": {"uv": [6, 0, 7, 1], "texture": "#3"},
				"south": {"uv": [6, 0, 7, 1], "texture": "#3"},
				"west": {"uv": [6, 0, 7, 1], "texture": "#3"},
				"up": {"uv": [6, 0, 7, 1], "texture": "#3"},
				"down": {"uv": [6, 0, 7, 1], "texture": "#3"}
			}
		},
		{
			"name": "N-1",
			"from": [4, 14, 0],
			"to": [6, 16, 2],
			"faces": {
				"north": {"uv": [9, 0, 10, 1], "texture": "#3"},
				"east": {"uv": [9, 0, 10, 1], "texture": "#3"},
				"south": {"uv": [9, 0, 10, 1], "texture": "#3"},
				"west": {"uv": [9, 0, 10, 1], "texture": "#3"},
				"up": {"uv": [9, 0, 10, 1], "texture": "#3"},
				"down": {"uv": [9, 0, 10, 1], "texture": "#3"}
			}
		},
		{
			"name": "N-1",
			"from": [0, 14, 0],
			"to": [2, 16, 2],
			"faces": {
				"north": {"uv": [11, 0, 12, 1], "texture": "#3"},
				"east": {"uv": [11, 0, 12, 1], "texture": "#3"},
				"south": {"uv": [11, 0, 12, 1], "texture": "#3"},
				"west": {"uv": [11, 0, 12, 1], "texture": "#3"},
				"up": {"uv": [11, 0, 12, 1], "texture": "#3"},
				"down": {"uv": [11, 0, 12, 1], "texture": "#3"}
			}
		},
		{
			"name": "E-0",
			"from": [14, 14, 4],
			"to": [16, 16, 6],
			"faces": {
				"north": {"uv": [8, 4, 9, 5], "texture": "#3"},
				"east": {"uv": [8, 4, 9, 5], "texture": "#3"},
				"south": {"uv": [8, 4, 9, 5], "texture": "#3"},
				"west": {"uv": [8, 4, 9, 5], "texture": "#3"},
				"up": {"uv": [8, 4, 9, 5], "texture": "#3"},
				"down": {"uv": [8, 4, 9, 5], "texture": "#3"}
			}
		},
		{
			"name": "E-1",
			"from": [14, 14, 8],
			"to": [16, 16, 10],
			"faces": {
				"north": {"uv": [6, 4, 7, 5], "texture": "#3"},
				"east": {"uv": [6, 4, 7, 5], "texture": "#3"},
				"south": {"uv": [6, 4, 7, 5], "texture": "#3"},
				"west": {"uv": [6, 4, 7, 5], "texture": "#3"},
				"up": {"uv": [6, 4, 7, 5], "texture": "#3"},
				"down": {"uv": [6, 4, 7, 5], "texture": "#3"}
			}
		},
		{
			"name": "E-2",
			"from": [14, 14, 12],
			"to": [16, 16, 14],
			"faces": {
				"north": {"uv": [4, 4, 5, 5], "texture": "#3"},
				"east": {"uv": [4, 4, 5, 5], "texture": "#3"},
				"south": {"uv": [4, 4, 5, 5], "texture": "#3"},
				"west": {"uv": [4, 4, 5, 5], "texture": "#3"},
				"up": {"uv": [4, 4, 5, 5], "texture": "#3"},
				"down": {"uv": [4, 4, 5, 5], "texture": "#3"}
			}
		},
		{
			"name": "W-0",
			"from": [0, 14, 12],
			"to": [2, 16, 14],
			"faces": {
				"north": {"uv": [11, 9, 12, 10], "texture": "#3"},
				"east": {"uv": [11, 9, 12, 10], "texture": "#3"},
				"south": {"uv": [11, 9, 12, 10], "texture": "#3"},
				"west": {"uv": [11, 9, 12, 10], "texture": "#3"},
				"up": {"uv": [11, 9, 12, 10], "texture": "#3"},
				"down": {"uv": [11, 9, 12, 10], "texture": "#3"}
			}
		},
		{
			"name": "W-1",
			"from": [0, 14, 4],
			"to": [2, 16, 6],
			"faces": {
				"north": {"uv": [7, 9, 8, 10], "texture": "#3"},
				"east": {"uv": [7, 9, 8, 10], "texture": "#3"},
				"south": {"uv": [7, 9, 8, 10], "texture": "#3"},
				"west": {"uv": [7, 9, 8, 10], "texture": "#3"},
				"up": {"uv": [7, 9, 8, 10], "texture": "#3"},
				"down": {"uv": [7, 9, 8, 10], "texture": "#3"}
			}
		},
		{
			"name": "W-2",
			"from": [0, 14, 8],
			"to": [2, 16, 10],
			"faces": {
				"north": {"uv": [9, 9, 10, 10], "texture": "#3"},
				"east": {"uv": [9, 9, 10, 10], "texture": "#3"},
				"south": {"uv": [9, 9, 10, 10], "texture": "#3"},
				"west": {"uv": [9, 9, 10, 10], "texture": "#3"},
				"up": {"uv": [9, 9, 10, 10], "texture": "#3"},
				"down": {"uv": [9, 9, 10, 10], "texture": "#3"}
			}
		},
		{
			"name": "S-0",
			"from": [2, 14, 14],
			"to": [4, 16, 16],
			"faces": {
				"north": {"uv": [5, 13, 6, 14], "texture": "#3"},
				"east": {"uv": [5, 13, 6, 14], "texture": "#3"},
				"south": {"uv": [5, 13, 6, 14], "texture": "#3"},
				"west": {"uv": [5, 13, 6, 14], "texture": "#3"},
				"up": {"uv": [5, 13, 6, 14], "texture": "#3"},
				"down": {"uv": [5, 13, 6, 14], "texture": "#3"}
			}
		},
		{
			"name": "S-1",
			"from": [6, 14, 14],
			"to": [8, 16, 16],
			"faces": {
				"north": {"uv": [7, 13, 8, 14], "texture": "#3"},
				"east": {"uv": [7, 13, 8, 14], "texture": "#3"},
				"south": {"uv": [7, 13, 8, 14], "texture": "#3"},
				"west": {"uv": [7, 13, 8, 14], "texture": "#3"},
				"up": {"uv": [7, 13, 8, 14], "texture": "#3"},
				"down": {"uv": [7, 13, 8, 14], "texture": "#3"}
			}
		},
		{
			"name": "S-2",
			"from": [8, 14, 14],
			"to": [10, 16, 16],
			"faces": {
				"north": {"uv": [8, 13, 9, 14], "texture": "#3"},
				"east": {"uv": [8, 13, 9, 14], "texture": "#3"},
				"south": {"uv": [8, 13, 9, 14], "texture": "#3"},
				"west": {"uv": [8, 13, 9, 14], "texture": "#3"},
				"up": {"uv": [8, 13, 9, 14], "texture": "#3"},
				"down": {"uv": [8, 13, 9, 14], "texture": "#3"}
			}
		},
		{
			"name": "S-3",
			"from": [12, 14, 14],
			"to": [14, 16, 16],
			"faces": {
				"north": {"uv": [10, 13, 11, 14], "texture": "#3"},
				"east": {"uv": [10, 13, 11, 14], "texture": "#3"},
				"south": {"uv": [10, 13, 11, 14], "texture": "#3"},
				"west": {"uv": [10, 13, 11, 14], "texture": "#3"},
				"up": {"uv": [10, 13, 11, 14], "texture": "#3"},
				"down": {"uv": [10, 13, 11, 14], "texture": "#3"}
			}
		}
	]
}